Content Topics,,,
AI,,,
Cadences,,,
Closing,,,
Cold Calling,,,
Cold Emailing,,,
Demos,,,
Discovery,,,
Follow-Up,,,
Ghosting,,,
LinkedIn Sales Nav,,,
Manager Topic,,,
Multithreading,,,
Negotiation,,,
Objections,,,
Other,,,
Pipeline,,,
Prospecting Generic,,,
Social Selling/LinkedIn,,,
To Review,,,
Video Prospecting,,,
LinkedIn,,,
,,,
,,,
,,,
,,,
,,,
,,,
,,,
,,,
,,,
,,,
,,,
,,,
,,,
,,,
,,,
,,,
,,,
,,,
,,Pipeline,
,,Video Prospecting,
,,,
,,,
,,,
,,Closing,Objections
,,,
,,AI,
,,Cadences,
,,LinkedIn Sales Nav,
,,Objections,
,,Social Selling/LinkedIn,
,,,
,,Closing,
,,,
,,Cadences,